C_Class	C_Name	P_Class	P_Name	File
3	Dogoszhi	3	Dogoszhi	23342_02.jpg
4	Flagstaff	2	Sosi	23342_04.jpg
3	Dogoszhi	3	Dogoszhi	23342_10.jpg
2	Sosi	2	Sosi	23342_12.jpg
3	Dogoszhi	3	Dogoszhi	23342_18.jpg
1	Black_Mesa	1	Black_Mesa	23342_19.jpg
3	Dogoszhi	3	Dogoszhi	23342_22.jpg
3	Dogoszhi	3	Dogoszhi	23342_25.jpg
3	Dogoszhi	3	Dogoszhi	23342_27.jpg
3	Dogoszhi	3	Dogoszhi	23342_28.jpg
1	Black_Mesa	0	Kanaa	23342_31.jpg
3	Dogoszhi	2	Sosi	23342_33.jpg
3	Dogoszhi	3	Dogoszhi	23342_34.jpg
2	Sosi	2	Sosi	23342_36.jpg
2	Sosi	1	Black_Mesa	23342_38.jpg
2	Sosi	2	Sosi	23342_40.jpg
2	Sosi	2	Sosi	23342_42.jpg
2	Sosi	2	Sosi	23342_46.jpg
2	Sosi	2	Sosi	23342_48.jpg
2	Sosi	2	Sosi	23342_54.jpg
2	Sosi	2	Sosi	23342_57.jpg
1	Black_Mesa	1	Black_Mesa	23342_59.jpg
1	Black_Mesa	1	Black_Mesa	23342_60.jpg
2	Sosi	2	Sosi	23342_64.jpg
2	Sosi	2	Sosi	23342_66.jpg
2	Sosi	2	Sosi	23342_67.jpg
1	Black_Mesa	1	Black_Mesa	23342_68.jpg
3	Dogoszhi	3	Dogoszhi	23342_71.jpg
1	Black_Mesa	1	Black_Mesa	23342_72.jpg
2	Sosi	2	Sosi	23342_76.jpg
3	Dogoszhi	3	Dogoszhi	23343_04.jpg
2	Sosi	2	Sosi	23343_06.jpg
2	Sosi	1	Black_Mesa	23343_07.jpg
2	Sosi	2	Sosi	23343_08.jpg
1	Black_Mesa	1	Black_Mesa	23343_09.jpg
3	Dogoszhi	3	Dogoszhi	23343_13.jpg
1	Black_Mesa	1	Black_Mesa	23343_20.jpg
2	Sosi	2	Sosi	23343_24.jpg
2	Sosi	2	Sosi	23343_32.jpg
1	Black_Mesa	2	Sosi	23343_36.jpg
2	Sosi	2	Sosi	23343_37.jpg
1	Black_Mesa	1	Black_Mesa	23344_01.jpg
1	Black_Mesa	2	Sosi	23344_07.jpg
1	Black_Mesa	1	Black_Mesa	23344_09.jpg
2	Sosi	2	Sosi	23344_11.jpg
3	Dogoszhi	3	Dogoszhi	23344_12.jpg
2	Sosi	2	Sosi	23344_13.jpg
2	Sosi	1	Black_Mesa	23344_15.jpg
1	Black_Mesa	1	Black_Mesa	23344_16.jpg
1	Black_Mesa	1	Black_Mesa	23344_17.jpg
3	Dogoszhi	3	Dogoszhi	23344_19.jpg
3	Dogoszhi	3	Dogoszhi	23344_20.jpg
3	Dogoszhi	3	Dogoszhi	23344_21.jpg
2	Sosi	2	Sosi	23344_26.jpg
2	Sosi	2	Sosi	23344_31.jpg
2	Sosi	2	Sosi	23344_35.jpg
3	Dogoszhi	3	Dogoszhi	23344_38.jpg
3	Dogoszhi	3	Dogoszhi	23344_49.jpg
3	Dogoszhi	3	Dogoszhi	23344_50.jpg
3	Dogoszhi	3	Dogoszhi	23344_52.jpg
2	Sosi	2	Sosi	23344_53.jpg
3	Dogoszhi	3	Dogoszhi	23344_54.jpg
2	Sosi	2	Sosi	23344_56.jpg
2	Sosi	2	Sosi	23344_57.jpg
3	Dogoszhi	3	Dogoszhi	23344_60.jpg
3	Dogoszhi	3	Dogoszhi	23344_61.jpg
1	Black_Mesa	3	Dogoszhi	23345_02.jpg
1	Black_Mesa	1	Black_Mesa	23345_13.jpg
1	Black_Mesa	1	Black_Mesa	23345_18.jpg
1	Black_Mesa	1	Black_Mesa	23345_25.jpg
2	Sosi	2	Sosi	23345_31.jpg
1	Black_Mesa	1	Black_Mesa	23345_36.jpg
1	Black_Mesa	1	Black_Mesa	23345_38.jpg
1	Black_Mesa	1	Black_Mesa	23345_40.jpg
2	Sosi	2	Sosi	23345_45.jpg
2	Sosi	2	Sosi	23345_46.jpg
3	Dogoszhi	3	Dogoszhi	23345_49.jpg
3	Dogoszhi	3	Dogoszhi	23345_51.jpg
2	Sosi	2	Sosi	23345_52.jpg
2	Sosi	2	Sosi	23346_02.jpg
2	Sosi	2	Sosi	23346_11.jpg
1	Black_Mesa	2	Sosi	23346_14.jpg
1	Black_Mesa	1	Black_Mesa	23346_15.jpg
1	Black_Mesa	1	Black_Mesa	23346_16.jpg
1	Black_Mesa	1	Black_Mesa	23346_17.jpg
1	Black_Mesa	1	Black_Mesa	23346_18.jpg
2	Sosi	2	Sosi	23346_22.jpg
0	Kanaa	1	Black_Mesa	23346_23.jpg
1	Black_Mesa	1	Black_Mesa	23346_30.jpg
1	Black_Mesa	1	Black_Mesa	23346_31.jpg
3	Dogoszhi	3	Dogoszhi	23346_35.jpg
0	Kanaa	1	Black_Mesa	23346_37.jpg
0	Kanaa	0	Kanaa	23346_40.jpg
0	Kanaa	1	Black_Mesa	23346_42.jpg
3	Dogoszhi	3	Dogoszhi	23346_45.jpg
0	Kanaa	0	Kanaa	23346_50.jpg
1	Black_Mesa	1	Black_Mesa	23346_51.jpg
1	Black_Mesa	1	Black_Mesa	23347_02.jpg
1	Black_Mesa	1	Black_Mesa	23347_03.jpg
1	Black_Mesa	1	Black_Mesa	23347_04.jpg
2	Sosi	2	Sosi	23347_05.jpg
1	Black_Mesa	1	Black_Mesa	23347_12.jpg
1	Black_Mesa	1	Black_Mesa	23347_15.jpg
1	Black_Mesa	2	Sosi	23347_16.jpg
2	Sosi	1	Black_Mesa	23347_20.jpg
1	Black_Mesa	1	Black_Mesa	23347_23.jpg
1	Black_Mesa	1	Black_Mesa	23347_25.jpg
1	Black_Mesa	1	Black_Mesa	23347_29.jpg
2	Sosi	2	Sosi	23347_31.jpg
3	Dogoszhi	3	Dogoszhi	23347_33.jpg
3	Dogoszhi	3	Dogoszhi	23347_34.jpg
1	Black_Mesa	1	Black_Mesa	23347_36.jpg
1	Black_Mesa	2	Sosi	23347_37.jpg
1	Black_Mesa	1	Black_Mesa	23347_39.jpg
2	Sosi	2	Sosi	23348_04.jpg
1	Black_Mesa	1	Black_Mesa	23348_06.jpg
3	Dogoszhi	3	Dogoszhi	23348_09.jpg
1	Black_Mesa	4	Flagstaff	23350_01.jpg
2	Sosi	2	Sosi	23350_03.jpg
2	Sosi	2	Sosi	23350_04.jpg
2	Sosi	2	Sosi	23350_06.jpg
2	Sosi	2	Sosi	23350_07.jpg
2	Sosi	2	Sosi	23350_11.jpg
1	Black_Mesa	1	Black_Mesa	23350_12.jpg
3	Dogoszhi	3	Dogoszhi	23351_02.jpg
2	Sosi	1	Black_Mesa	23351_06.jpg
1	Black_Mesa	1	Black_Mesa	23351_07.jpg
3	Dogoszhi	3	Dogoszhi	23351_09.jpg
3	Dogoszhi	3	Dogoszhi	23351_10.jpg
1	Black_Mesa	1	Black_Mesa	23351_12.jpg
1	Black_Mesa	1	Black_Mesa	23351_13.jpg
1	Black_Mesa	2	Sosi	23351_14.jpg
1	Black_Mesa	1	Black_Mesa	23351_16.jpg
3	Dogoszhi	3	Dogoszhi	23352_06.jpg
2	Sosi	2	Sosi	23352_07.jpg
2	Sosi	2	Sosi	23352_08.jpg
2	Sosi	2	Sosi	23352_09.jpg
3	Dogoszhi	3	Dogoszhi	23352_10.jpg
1	Black_Mesa	1	Black_Mesa	23352_12.jpg
2	Sosi	2	Sosi	23352_13.jpg
1	Black_Mesa	2	Sosi	23352_14.jpg
2	Sosi	2	Sosi	23352_23.jpg
4	Flagstaff	4	Flagstaff	23353_01.jpg
1	Black_Mesa	1	Black_Mesa	23353_05.jpg
2	Sosi	2	Sosi	23353_08.jpg
1	Black_Mesa	1	Black_Mesa	23353_11.jpg
2	Sosi	2	Sosi	23353_12.jpg
1	Black_Mesa	1	Black_Mesa	23353_13.jpg
3	Dogoszhi	3	Dogoszhi	23353_16.jpg
1	Black_Mesa	1	Black_Mesa	23355_03.jpg
1	Black_Mesa	1	Black_Mesa	23355_10.jpg
3	Dogoszhi	3	Dogoszhi	23356_02.jpg
2	Sosi	2	Sosi	23356_06.jpg
2	Sosi	2	Sosi	23356_11.jpg
2	Sosi	2	Sosi	23356_16.jpg
1	Black_Mesa	1	Black_Mesa	23356_19.jpg
1	Black_Mesa	1	Black_Mesa	23356_23.jpg
1	Black_Mesa	1	Black_Mesa	23356_24.jpg
1	Black_Mesa	1	Black_Mesa	23356_27.jpg
1	Black_Mesa	1	Black_Mesa	23356_29.jpg
2	Sosi	2	Sosi	23356_35.jpg
2	Sosi	2	Sosi	23356_43.jpg
2	Sosi	2	Sosi	23356_47.jpg
2	Sosi	2	Sosi	23356_52.jpg
1	Black_Mesa	1	Black_Mesa	23356_57.jpg
4	Flagstaff	2	Sosi	23356_61.jpg
1	Black_Mesa	1	Black_Mesa	23356_62.jpg
2	Sosi	2	Sosi	23356_63.jpg
3	Dogoszhi	3	Dogoszhi	23358_02.jpg
2	Sosi	1	Black_Mesa	23358_10.jpg
2	Sosi	2	Sosi	23358_12.jpg
4	Flagstaff	3	Dogoszhi	23358_20.jpg
2	Sosi	2	Sosi	23358_23.jpg
3	Dogoszhi	3	Dogoszhi	23358_27.jpg
2	Sosi	1	Black_Mesa	23358_28.jpg
1	Black_Mesa	1	Black_Mesa	23359_02.jpg
3	Dogoszhi	3	Dogoszhi	23359_04.jpg
1	Black_Mesa	1	Black_Mesa	23359_05.jpg
0	Kanaa	0	Kanaa	23359_10.jpg
1	Black_Mesa	1	Black_Mesa	23359_21.jpg
1	Black_Mesa	1	Black_Mesa	23359_22.jpg
3	Dogoszhi	0	Kanaa	23359_24.jpg
1	Black_Mesa	2	Sosi	23359_25.jpg
1	Black_Mesa	1	Black_Mesa	23359_33.jpg
0	Kanaa	0	Kanaa	23360_02.jpg
0	Kanaa	0	Kanaa	23360_03.jpg
0	Kanaa	0	Kanaa	23360_08.jpg
0	Kanaa	0	Kanaa	23360_10.jpg
0	Kanaa	0	Kanaa	23360_11.jpg
0	Kanaa	0	Kanaa	23360_12.jpg
0	Kanaa	0	Kanaa	23360_13.jpg
0	Kanaa	0	Kanaa	23360_14.jpg
0	Kanaa	0	Kanaa	23360_15.jpg
0	Kanaa	0	Kanaa	23360_18.jpg
0	Kanaa	0	Kanaa	23360_20.jpg
3	Dogoszhi	3	Dogoszhi	23361_01.jpg
2	Sosi	2	Sosi	23361_13.jpg
2	Sosi	2	Sosi	23362_01.jpg
2	Sosi	2	Sosi	23363_01.jpg
4	Flagstaff	2	Sosi	23363_02.jpg
3	Dogoszhi	0	Kanaa	23363_06.jpg
2	Sosi	2	Sosi	23363_08.jpg
3	Dogoszhi	3	Dogoszhi	23363_09.jpg
2	Sosi	2	Sosi	23363_16.jpg
2	Sosi	2	Sosi	23363_17.jpg
1	Black_Mesa	1	Black_Mesa	23364_02.jpg
2	Sosi	1	Black_Mesa	23364_05.jpg
1	Black_Mesa	0	Kanaa	23364_06.jpg
1	Black_Mesa	1	Black_Mesa	23364_10.jpg
0	Kanaa	1	Black_Mesa	23364_14.jpg
0	Kanaa	1	Black_Mesa	23364_17.jpg
1	Black_Mesa	1	Black_Mesa	23364_20.jpg
1	Black_Mesa	0	Kanaa	23364_21.jpg
2	Sosi	1	Black_Mesa	23369_01.jpg
3	Dogoszhi	3	Dogoszhi	23369_09.jpg
2	Sosi	1	Black_Mesa	23369_12.jpg
3	Dogoszhi	3	Dogoszhi	23369_17.jpg
3	Dogoszhi	3	Dogoszhi	23369_19.jpg
3	Dogoszhi	3	Dogoszhi	23369_20.jpg
3	Dogoszhi	3	Dogoszhi	23369_22.jpg
3	Dogoszhi	3	Dogoszhi	23369_24.jpg
3	Dogoszhi	3	Dogoszhi	23369_25.jpg
3	Dogoszhi	0	Kanaa	23369_26.jpg
3	Dogoszhi	3	Dogoszhi	23369_27.jpg
3	Dogoszhi	3	Dogoszhi	23369_34.jpg
3	Dogoszhi	3	Dogoszhi	23369_35.jpg
1	Black_Mesa	1	Black_Mesa	23369_44.jpg
1	Black_Mesa	1	Black_Mesa	23369_45.jpg
3	Dogoszhi	3	Dogoszhi	23369_46.jpg
1	Black_Mesa	1	Black_Mesa	23370_03.jpg
1	Black_Mesa	1	Black_Mesa	23370_05.jpg
2	Sosi	2	Sosi	23370_07.jpg
2	Sosi	2	Sosi	23370_10.jpg
3	Dogoszhi	1	Black_Mesa	23370_14.jpg
1	Black_Mesa	1	Black_Mesa	23370_27.jpg
1	Black_Mesa	1	Black_Mesa	23370_32.jpg
4	Flagstaff	3	Dogoszhi	23370_33.jpg
1	Black_Mesa	1	Black_Mesa	23370_35.jpg
1	Black_Mesa	1	Black_Mesa	23370_37.jpg
3	Dogoszhi	3	Dogoszhi	23370_38.jpg
3	Dogoszhi	3	Dogoszhi	23370_40.jpg
2	Sosi	2	Sosi	23370_41.jpg
1	Black_Mesa	3	Dogoszhi	23370_43.jpg
3	Dogoszhi	3	Dogoszhi	23370_44.jpg
3	Dogoszhi	3	Dogoszhi	23668_01.jpg
3	Dogoszhi	3	Dogoszhi	23668_03.jpg
1	Black_Mesa	1	Black_Mesa	23668_07.jpg
2	Sosi	1	Black_Mesa	23668_10.jpg
2	Sosi	2	Sosi	23668_11.jpg
2	Sosi	2	Sosi	23668_18.jpg
3	Dogoszhi	3	Dogoszhi	23668_19.jpg
2	Sosi	2	Sosi	23668_22.jpg
2	Sosi	2	Sosi	23668_24.jpg
2	Sosi	2	Sosi	23668_31.jpg
3	Dogoszhi	3	Dogoszhi	23668_32.jpg
2	Sosi	1	Black_Mesa	23669_03.jpg
1	Black_Mesa	2	Sosi	23669_04.jpg
1	Black_Mesa	1	Black_Mesa	23669_09.jpg
1	Black_Mesa	1	Black_Mesa	Blackmesa_001unkfa.jpg
1	Black_Mesa	1	Black_Mesa	Blackmesabw_01unkf.jpg
1	Black_Mesa	1	Black_Mesa	Blackmesabw_11f.jpg
1	Black_Mesa	1	Black_Mesa	Blackmesabw_16f.jpg
1	Black_Mesa	1	Black_Mesa	Blackmesabw_19f.jpg
1	Black_Mesa	1	Black_Mesa	Blackmesabw_21f.jpg
1	Black_Mesa	1	Black_Mesa	Blackmesabw_26f.jpg
1	Black_Mesa	2	Sosi	Blackmesabw_27f.jpg
1	Black_Mesa	1	Black_Mesa	Blackmesabw_29f.jpg
1	Black_Mesa	1	Black_Mesa	Blackmesabw_31f.jpg
1	Black_Mesa	1	Black_Mesa	Blackmesabw_32f.jpg
1	Black_Mesa	1	Black_Mesa	Blackmesabw_33f.jpg
1	Black_Mesa	1	Black_Mesa	Blackmesabw_3f.jpg
1	Black_Mesa	1	Black_Mesa	Blackmesabw_4f.jpg
1	Black_Mesa	1	Black_Mesa	Blackmesabw_5f.jpg
1	Black_Mesa	1	Black_Mesa	Blackmesabw_9f.jpg
1	Black_Mesa	1	Black_Mesa	CD_Black_Mesa_004.jpg
1	Black_Mesa	1	Black_Mesa	CD_Black_Mesa_005.jpg
1	Black_Mesa	1	Black_Mesa	CD_Black_Mesa_006.jpg
1	Black_Mesa	1	Black_Mesa	CD_Black_Mesa_007.jpg
5	Tusayan	5	Tusayan	CD_Black_Mesa_011.jpg
1	Black_Mesa	1	Black_Mesa	CD_Black_Mesa_015.jpg
1	Black_Mesa	5	Tusayan	CD_Black_Mesa_017.jpg
1	Black_Mesa	1	Black_Mesa	CD_Black_Mesa_024.jpg
1	Black_Mesa	1	Black_Mesa	CD_Black_Mesa_026.jpg
1	Black_Mesa	1	Black_Mesa	CD_Black_Mesa_027.jpg
1	Black_Mesa	1	Black_Mesa	CD_Black_Mesa_032.jpg
1	Black_Mesa	1	Black_Mesa	CD_Black_Mesa_035.jpg
1	Black_Mesa	1	Black_Mesa	CD_Black_Mesa_039.jpg
1	Black_Mesa	1	Black_Mesa	CD_Black_Mesa_048.jpg
1	Black_Mesa	1	Black_Mesa	CD_Black_Mesa_051.jpg
1	Black_Mesa	1	Black_Mesa	CD_Black_Mesa_052.jpg
1	Black_Mesa	1	Black_Mesa	CD_Black_Mesa_057.jpg
1	Black_Mesa	1	Black_Mesa	CD_Black_Mesa_059.jpg
1	Black_Mesa	1	Black_Mesa	CD_Black_Mesa_061.jpg
1	Black_Mesa	1	Black_Mesa	CD_Black_Mesa_073.jpg
1	Black_Mesa	1	Black_Mesa	CD_Black_Mesa_075.jpg
1	Black_Mesa	1	Black_Mesa	CD_Black_Mesa_076.jpg
1	Black_Mesa	1	Black_Mesa	CD_Black_Mesa_077.jpg
1	Black_Mesa	1	Black_Mesa	CD_Black_Mesa_079.jpg
2	Sosi	1	Black_Mesa	CD_Black_Mesa_081.jpg
2	Sosi	1	Black_Mesa	CD_Black_Mesa_082.jpg
1	Black_Mesa	1	Black_Mesa	CD_Black_Mesa_083.jpg
2	Sosi	2	Sosi	CD_Black_Mesa_084.jpg
1	Black_Mesa	1	Black_Mesa	CD_Black_Mesa_085.jpg
1	Black_Mesa	1	Black_Mesa	CD_Black_Mesa_088.jpg
5	Tusayan	1	Black_Mesa	CD_Black_Mesa_092.jpg
1	Black_Mesa	1	Black_Mesa	CD_Black_Mesa_094.jpg
1	Black_Mesa	1	Black_Mesa	CD_Black_Mesa_096.jpg
1	Black_Mesa	1	Black_Mesa	CD_Black_Mesa_097.jpg
1	Black_Mesa	1	Black_Mesa	CD_Black_Mesa_101.jpg
1	Black_Mesa	1	Black_Mesa	CD_Black_Mesa_102.jpg
1	Black_Mesa	1	Black_Mesa	CD_Black_Mesa_105.jpg
1	Black_Mesa	1	Black_Mesa	CD_Black_Mesa_106.jpg
1	Black_Mesa	1	Black_Mesa	CD_Black_Mesa_108.jpg
1	Black_Mesa	1	Black_Mesa	CD_Black_Mesa_110.jpg
1	Black_Mesa	1	Black_Mesa	CD_Black_Mesa_114.jpg
2	Sosi	1	Black_Mesa	CD_Black_Mesa_118.jpg
2	Sosi	1	Black_Mesa	CD_Black_Mesa_119.jpg
1	Black_Mesa	1	Black_Mesa	CD_Black_Mesa_121.jpg
2	Sosi	1	Black_Mesa	CD_Black_Mesa_124.jpg
1	Black_Mesa	1	Black_Mesa	CD_Black_Mesa_128.jpg
2	Sosi	1	Black_Mesa	CD_Black_Mesa_130.jpg
1	Black_Mesa	1	Black_Mesa	CD_Black_Mesa_132.jpg
1	Black_Mesa	1	Black_Mesa	CD_Black_Mesa_136.jpg
1	Black_Mesa	1	Black_Mesa	CD_Black_Mesa_138.jpg
1	Black_Mesa	1	Black_Mesa	CD_Black_Mesa_150.jpg
1	Black_Mesa	1	Black_Mesa	CD_Black_Mesa_153.jpg
1	Black_Mesa	1	Black_Mesa	CD_Black_Mesa_156.jpg
1	Black_Mesa	1	Black_Mesa	CD_Black_Mesa_158.jpg
1	Black_Mesa	1	Black_Mesa	CD_Black_Mesa_160.jpg
1	Black_Mesa	1	Black_Mesa	CD_Black_Mesa_170.jpg
1	Black_Mesa	1	Black_Mesa	CD_Black_Mesa_179.jpg
1	Black_Mesa	1	Black_Mesa	CD_Black_Mesa_180.jpg
1	Black_Mesa	1	Black_Mesa	CD_Black_Mesa_182.jpg
1	Black_Mesa	1	Black_Mesa	CD_Black_Mesa_185.jpg
1	Black_Mesa	1	Black_Mesa	CD_Black_Mesa_190.jpg
1	Black_Mesa	1	Black_Mesa	CD_Black_Mesa_191.jpg
1	Black_Mesa	1	Black_Mesa	CD_Black_Mesa_198.jpg
2	Sosi	2	Sosi	CD_Black_Mesa_200.jpg
1	Black_Mesa	1	Black_Mesa	CD_Black_Mesa_201.jpg
1	Black_Mesa	1	Black_Mesa	CD_Black_Mesa_204.jpg
1	Black_Mesa	1	Black_Mesa	CD_Black_Mesa_206.jpg
1	Black_Mesa	1	Black_Mesa	CD_Black_Mesa_209.jpg
1	Black_Mesa	1	Black_Mesa	CD_Black_Mesa_210.jpg
1	Black_Mesa	1	Black_Mesa	CD_Black_Mesa_212.jpg
5	Tusayan	0	Kanaa	CD_Black_Mesa_214.jpg
1	Black_Mesa	1	Black_Mesa	CD_Black_Mesa_216.jpg
1	Black_Mesa	1	Black_Mesa	CD_Black_Mesa_217.jpg
1	Black_Mesa	1	Black_Mesa	CD_Black_Mesa_219.jpg
1	Black_Mesa	1	Black_Mesa	CD_Black_Mesa_221.jpg
1	Black_Mesa	1	Black_Mesa	CD_Black_Mesa_222.jpg
1	Black_Mesa	1	Black_Mesa	CD_Black_Mesa_223.jpg
1	Black_Mesa	1	Black_Mesa	CD_Black_Mesa_224.jpg
1	Black_Mesa	1	Black_Mesa	CD_Black_Mesa_227.jpg
1	Black_Mesa	5	Tusayan	CD_Black_Mesa_230.jpg
1	Black_Mesa	1	Black_Mesa	CD_Black_Mesa_231.jpg
1	Black_Mesa	1	Black_Mesa	CD_Black_Mesa_234.jpg
1	Black_Mesa	1	Black_Mesa	CD_Black_Mesa_235.jpg
1	Black_Mesa	1	Black_Mesa	CD_Black_Mesa_239.jpg
1	Black_Mesa	1	Black_Mesa	CD_Black_Mesa_241.jpg
1	Black_Mesa	1	Black_Mesa	CD_Black_Mesa_243.jpg
1	Black_Mesa	1	Black_Mesa	CD_Black_Mesa_244.jpg
1	Black_Mesa	1	Black_Mesa	CD_Black_Mesa_245.jpg
1	Black_Mesa	1	Black_Mesa	CD_Black_Mesa_248.jpg
1	Black_Mesa	1	Black_Mesa	CD_Black_Mesa_249.jpg
1	Black_Mesa	1	Black_Mesa	CD_Black_Mesa_252.jpg
1	Black_Mesa	1	Black_Mesa	CD_Black_Mesa_253.jpg
1	Black_Mesa	1	Black_Mesa	CD_Black_Mesa_256.jpg
1	Black_Mesa	1	Black_Mesa	CD_Black_Mesa_257.jpg
1	Black_Mesa	1	Black_Mesa	CD_Black_Mesa_259.jpg
1	Black_Mesa	1	Black_Mesa	CD_Black_Mesa_260.jpg
1	Black_Mesa	1	Black_Mesa	CD_Black_Mesa_262.jpg
1	Black_Mesa	1	Black_Mesa	CD_Black_Mesa_263.jpg
1	Black_Mesa	1	Black_Mesa	CD_Black_Mesa_265.jpg
1	Black_Mesa	1	Black_Mesa	CD_Black_Mesa_271.jpg
1	Black_Mesa	1	Black_Mesa	CD_Black_Mesa_274.jpg
1	Black_Mesa	5	Tusayan	CD_Black_Mesa_276.jpg
1	Black_Mesa	1	Black_Mesa	CD_Black_Mesa_279.jpg
1	Black_Mesa	1	Black_Mesa	CD_Black_Mesa_281.jpg
1	Black_Mesa	1	Black_Mesa	CD_Black_Mesa_286.jpg
1	Black_Mesa	1	Black_Mesa	CD_Black_Mesa_288.jpg
1	Black_Mesa	1	Black_Mesa	CD_Black_Mesa_290.jpg
1	Black_Mesa	1	Black_Mesa	CD_Black_Mesa_291.jpg
1	Black_Mesa	0	Kanaa	CD_Black_Mesa_294.jpg
1	Black_Mesa	1	Black_Mesa	CD_Black_Mesa_296.jpg
1	Black_Mesa	0	Kanaa	CD_Black_Mesa_297.jpg
1	Black_Mesa	1	Black_Mesa	CD_Black_Mesa_299.jpg
1	Black_Mesa	1	Black_Mesa	CD_Black_Mesa_300.jpg
1	Black_Mesa	1	Black_Mesa	CD_Black_Mesa_301.jpg
1	Black_Mesa	1	Black_Mesa	CD_Black_Mesa_302.jpg
1	Black_Mesa	1	Black_Mesa	CD_Black_Mesa_303.jpg
1	Black_Mesa	1	Black_Mesa	CD_Black_Mesa_304.jpg
1	Black_Mesa	1	Black_Mesa	CD_Black_Mesa_305.jpg
1	Black_Mesa	2	Sosi	CD_Black_Mesa_306.jpg
1	Black_Mesa	2	Sosi	CD_Black_Mesa_307.jpg
1	Black_Mesa	1	Black_Mesa	CD_Black_Mesa_308.jpg
1	Black_Mesa	1	Black_Mesa	CD_Black_Mesa_314.jpg
1	Black_Mesa	1	Black_Mesa	CD_Black_Mesa_318.jpg
1	Black_Mesa	1	Black_Mesa	CD_Black_Mesa_321.jpg
1	Black_Mesa	1	Black_Mesa	CD_Black_Mesa_325.jpg
1	Black_Mesa	1	Black_Mesa	CD_Black_Mesa_327.jpg
3	Dogoszhi	3	Dogoszhi	CD_Dogoszhi_01.jpg
3	Dogoszhi	4	Flagstaff	CD_Dogoszhi_100.jpg
3	Dogoszhi	3	Dogoszhi	CD_Dogoszhi_104.jpg
3	Dogoszhi	3	Dogoszhi	CD_Dogoszhi_105.jpg
3	Dogoszhi	3	Dogoszhi	CD_Dogoszhi_106.jpg
3	Dogoszhi	3	Dogoszhi	CD_Dogoszhi_107.jpg
4	Flagstaff	4	Flagstaff	CD_Dogoszhi_110.jpg
3	Dogoszhi	3	Dogoszhi	CD_Dogoszhi_112.jpg
3	Dogoszhi	3	Dogoszhi	CD_Dogoszhi_117.jpg
3	Dogoszhi	3	Dogoszhi	CD_Dogoszhi_121.jpg
3	Dogoszhi	3	Dogoszhi	CD_Dogoszhi_124.jpg
3	Dogoszhi	3	Dogoszhi	CD_Dogoszhi_128.jpg
3	Dogoszhi	3	Dogoszhi	CD_Dogoszhi_130.jpg
3	Dogoszhi	3	Dogoszhi	CD_Dogoszhi_131.jpg
3	Dogoszhi	3	Dogoszhi	CD_Dogoszhi_132.jpg
3	Dogoszhi	3	Dogoszhi	CD_Dogoszhi_133.jpg
3	Dogoszhi	3	Dogoszhi	CD_Dogoszhi_16.jpg
3	Dogoszhi	3	Dogoszhi	CD_Dogoszhi_17.jpg
3	Dogoszhi	3	Dogoszhi	CD_Dogoszhi_20.jpg
3	Dogoszhi	3	Dogoszhi	CD_Dogoszhi_21.jpg
3	Dogoszhi	3	Dogoszhi	CD_Dogoszhi_26.jpg
3	Dogoszhi	3	Dogoszhi	CD_Dogoszhi_27.jpg
3	Dogoszhi	3	Dogoszhi	CD_Dogoszhi_29.jpg
3	Dogoszhi	4	Flagstaff	CD_Dogoszhi_32.jpg
3	Dogoszhi	3	Dogoszhi	CD_Dogoszhi_38.jpg
3	Dogoszhi	3	Dogoszhi	CD_Dogoszhi_39.jpg
3	Dogoszhi	3	Dogoszhi	CD_Dogoszhi_41.jpg
3	Dogoszhi	3	Dogoszhi	CD_Dogoszhi_43.jpg
3	Dogoszhi	3	Dogoszhi	CD_Dogoszhi_46.jpg
3	Dogoszhi	2	Sosi	CD_Dogoszhi_51.jpg
3	Dogoszhi	3	Dogoszhi	CD_Dogoszhi_52.jpg
3	Dogoszhi	3	Dogoszhi	CD_Dogoszhi_57.jpg
3	Dogoszhi	3	Dogoszhi	CD_Dogoszhi_58.jpg
3	Dogoszhi	3	Dogoszhi	CD_Dogoszhi_63.jpg
3	Dogoszhi	3	Dogoszhi	CD_Dogoszhi_66.jpg
3	Dogoszhi	3	Dogoszhi	CD_Dogoszhi_71.jpg
3	Dogoszhi	3	Dogoszhi	CD_Dogoszhi_73.jpg
3	Dogoszhi	3	Dogoszhi	CD_Dogoszhi_74.jpg
3	Dogoszhi	3	Dogoszhi	CD_Dogoszhi_79.jpg
3	Dogoszhi	3	Dogoszhi	CD_Dogoszhi_86.jpg
3	Dogoszhi	3	Dogoszhi	CD_Dogoszhi_87.jpg
3	Dogoszhi	4	Flagstaff	CD_Dogoszhi_90.jpg
3	Dogoszhi	3	Dogoszhi	CD_Dogoszhi_91.jpg
3	Dogoszhi	3	Dogoszhi	CD_Dogoszhi_94.jpg
3	Dogoszhi	5	Tusayan	CD_Dogoszhi_96.jpg
3	Dogoszhi	3	Dogoszhi	CD_Dogoszhi_97.jpg
6	Kayenta	5	Tusayan	CD_Flagstaff_07.jpg
2	Sosi	2	Sosi	CD_Flagstaff_100.jpg
2	Sosi	2	Sosi	CD_Flagstaff_113.jpg
2	Sosi	2	Sosi	CD_Flagstaff_116.jpg
4	Flagstaff	2	Sosi	CD_Flagstaff_123.jpg
4	Flagstaff	4	Flagstaff	CD_Flagstaff_124.jpg
2	Sosi	2	Sosi	CD_Flagstaff_126.jpg
2	Sosi	2	Sosi	CD_Flagstaff_130.jpg
4	Flagstaff	4	Flagstaff	CD_Flagstaff_133.jpg
4	Flagstaff	4	Flagstaff	CD_Flagstaff_136.jpg
2	Sosi	2	Sosi	CD_Flagstaff_137.jpg
2	Sosi	2	Sosi	CD_Flagstaff_14.jpg
2	Sosi	2	Sosi	CD_Flagstaff_140.jpg
5	Tusayan	5	Tusayan	CD_Flagstaff_143.jpg
2	Sosi	2	Sosi	CD_Flagstaff_145.jpg
2	Sosi	2	Sosi	CD_Flagstaff_146.jpg
4	Flagstaff	4	Flagstaff	CD_Flagstaff_147.jpg
2	Sosi	2	Sosi	CD_Flagstaff_15.jpg
2	Sosi	2	Sosi	CD_Flagstaff_150.jpg
5	Tusayan	4	Flagstaff	CD_Flagstaff_152.jpg
2	Sosi	2	Sosi	CD_Flagstaff_154.jpg
2	Sosi	2	Sosi	CD_Flagstaff_16.jpg
4	Flagstaff	1	Black_Mesa	CD_Flagstaff_163.jpg
4	Flagstaff	2	Sosi	CD_Flagstaff_166.jpg
4	Flagstaff	4	Flagstaff	CD_Flagstaff_176.jpg
4	Flagstaff	2	Sosi	CD_Flagstaff_179.jpg
5	Tusayan	5	Tusayan	CD_Flagstaff_18.jpg
2	Sosi	2	Sosi	CD_Flagstaff_181.jpg
4	Flagstaff	4	Flagstaff	CD_Flagstaff_183.jpg
4	Flagstaff	4	Flagstaff	CD_Flagstaff_185.jpg
4	Flagstaff	2	Sosi	CD_Flagstaff_190.jpg
4	Flagstaff	4	Flagstaff	CD_Flagstaff_194.jpg
4	Flagstaff	2	Sosi	CD_Flagstaff_197.jpg
1	Black_Mesa	1	Black_Mesa	CD_Flagstaff_35.jpg
2	Sosi	2	Sosi	CD_Flagstaff_38.jpg
2	Sosi	2	Sosi	CD_Flagstaff_39.jpg
4	Flagstaff	2	Sosi	CD_Flagstaff_40.jpg
4	Flagstaff	4	Flagstaff	CD_Flagstaff_43.jpg
4	Flagstaff	4	Flagstaff	CD_Flagstaff_45.jpg
5	Tusayan	5	Tusayan	CD_Flagstaff_51.jpg
2	Sosi	2	Sosi	CD_Flagstaff_53.jpg
4	Flagstaff	4	Flagstaff	CD_Flagstaff_55.jpg
5	Tusayan	5	Tusayan	CD_Flagstaff_59.jpg
2	Sosi	2	Sosi	CD_Flagstaff_60.jpg
4	Flagstaff	4	Flagstaff	CD_Flagstaff_62.jpg
2	Sosi	2	Sosi	CD_Flagstaff_63.jpg
4	Flagstaff	2	Sosi	CD_Flagstaff_65.jpg
4	Flagstaff	4	Flagstaff	CD_Flagstaff_66.jpg
2	Sosi	2	Sosi	CD_Flagstaff_67.jpg
4	Flagstaff	4	Flagstaff	CD_Flagstaff_68.jpg
4	Flagstaff	4	Flagstaff	CD_Flagstaff_71.jpg
2	Sosi	2	Sosi	CD_Flagstaff_72.jpg
2	Sosi	2	Sosi	CD_Flagstaff_79.jpg
4	Flagstaff	1	Black_Mesa	CD_Flagstaff_82.jpg
4	Flagstaff	4	Flagstaff	CD_Flagstaff_85.jpg
2	Sosi	2	Sosi	CD_Flagstaff_87.jpg
4	Flagstaff	2	Sosi	CD_Flagstaff_88.jpg
0	Kanaa	0	Kanaa	CD_Kanaa_001.jpg
0	Kanaa	0	Kanaa	CD_Kanaa_002.jpg
1	Black_Mesa	1	Black_Mesa	CD_Kanaa_007.jpg
0	Kanaa	0	Kanaa	CD_Kanaa_008.jpg
0	Kanaa	0	Kanaa	CD_Kanaa_010.jpg
5	Tusayan	5	Tusayan	CD_Kanaa_013.jpg
1	Black_Mesa	1	Black_Mesa	CD_Kanaa_014.jpg
0	Kanaa	0	Kanaa	CD_Kanaa_018.jpg
0	Kanaa	0	Kanaa	CD_Kanaa_021.jpg
0	Kanaa	0	Kanaa	CD_Kanaa_022.jpg
0	Kanaa	0	Kanaa	CD_Kanaa_024.jpg
0	Kanaa	0	Kanaa	CD_Kanaa_028.jpg
0	Kanaa	0	Kanaa	CD_Kanaa_031.jpg
0	Kanaa	0	Kanaa	CD_Kanaa_033.jpg
0	Kanaa	0	Kanaa	CD_Kanaa_041.jpg
0	Kanaa	1	Black_Mesa	CD_Kanaa_045.jpg
0	Kanaa	1	Black_Mesa	CD_Kanaa_047.jpg
0	Kanaa	0	Kanaa	CD_Kanaa_052.jpg
1	Black_Mesa	1	Black_Mesa	CD_Kanaa_053.jpg
0	Kanaa	0	Kanaa	CD_Kanaa_055.jpg
0	Kanaa	0	Kanaa	CD_Kanaa_056.jpg
0	Kanaa	0	Kanaa	CD_Kanaa_057.jpg
0	Kanaa	0	Kanaa	CD_Kanaa_058.jpg
0	Kanaa	0	Kanaa	CD_Kanaa_060.jpg
4	Flagstaff	5	Tusayan	CD_Kanaa_061.jpg
0	Kanaa	0	Kanaa	CD_Kanaa_063.jpg
1	Black_Mesa	0	Kanaa	CD_Kanaa_065.jpg
0	Kanaa	0	Kanaa	CD_Kanaa_068.jpg
0	Kanaa	0	Kanaa	CD_Kanaa_069.jpg
1	Black_Mesa	1	Black_Mesa	CD_Kanaa_071.jpg
0	Kanaa	0	Kanaa	CD_Kanaa_072.jpg
0	Kanaa	0	Kanaa	CD_Kanaa_073.jpg
0	Kanaa	0	Kanaa	CD_Kanaa_076.jpg
0	Kanaa	0	Kanaa	CD_Kanaa_081.jpg
0	Kanaa	0	Kanaa	CD_Kanaa_086.jpg
0	Kanaa	1	Black_Mesa	CD_Kanaa_088.jpg
1	Black_Mesa	1	Black_Mesa	CD_Kanaa_095.jpg
0	Kanaa	0	Kanaa	CD_Kanaa_096.jpg
0	Kanaa	1	Black_Mesa	CD_Kanaa_097.jpg
1	Black_Mesa	1	Black_Mesa	CD_Kanaa_103.jpg
0	Kanaa	0	Kanaa	CD_Kanaa_107.jpg
1	Black_Mesa	5	Tusayan	CD_Kanaa_111.jpg
0	Kanaa	0	Kanaa	CD_Kanaa_113.jpg
0	Kanaa	0	Kanaa	CD_Kanaa_114.jpg
0	Kanaa	0	Kanaa	CD_Kanaa_117.jpg
1	Black_Mesa	1	Black_Mesa	CD_Kanaa_119.jpg
0	Kanaa	0	Kanaa	CD_Kanaa_138.jpg
0	Kanaa	0	Kanaa	CD_Kanaa_141.jpg
0	Kanaa	0	Kanaa	CD_Kanaa_145.jpg
0	Kanaa	0	Kanaa	CD_Kanaa_151.jpg
1	Black_Mesa	0	Kanaa	CD_Kanaa_160.jpg
5	Tusayan	5	Tusayan	CD_Kayenta_10.jpg
5	Tusayan	5	Tusayan	CD_Kayenta_100.jpg
5	Tusayan	5	Tusayan	CD_Kayenta_101.jpg
6	Kayenta	3	Dogoszhi	CD_Kayenta_106.jpg
6	Kayenta	6	Kayenta	CD_Kayenta_107.jpg
6	Kayenta	6	Kayenta	CD_Kayenta_110.jpg
6	Kayenta	6	Kayenta	CD_Kayenta_112.jpg
6	Kayenta	5	Tusayan	CD_Kayenta_113.jpg
6	Kayenta	5	Tusayan	CD_Kayenta_115.jpg
6	Kayenta	6	Kayenta	CD_Kayenta_119.jpg
6	Kayenta	6	Kayenta	CD_Kayenta_120.jpg
6	Kayenta	5	Tusayan	CD_Kayenta_124.jpg
6	Kayenta	6	Kayenta	CD_Kayenta_125.jpg
5	Tusayan	5	Tusayan	CD_Kayenta_127.jpg
6	Kayenta	6	Kayenta	CD_Kayenta_129.jpg
6	Kayenta	6	Kayenta	CD_Kayenta_134.jpg
6	Kayenta	5	Tusayan	CD_Kayenta_141.jpg
6	Kayenta	5	Tusayan	CD_Kayenta_142.jpg
6	Kayenta	6	Kayenta	CD_Kayenta_143.jpg
6	Kayenta	6	Kayenta	CD_Kayenta_148.jpg
5	Tusayan	5	Tusayan	CD_Kayenta_15.jpg
5	Tusayan	5	Tusayan	CD_Kayenta_151.jpg
5	Tusayan	5	Tusayan	CD_Kayenta_152.jpg
6	Kayenta	6	Kayenta	CD_Kayenta_153.jpg
5	Tusayan	5	Tusayan	CD_Kayenta_17.jpg
5	Tusayan	5	Tusayan	CD_Kayenta_20.jpg
5	Tusayan	1	Black_Mesa	CD_Kayenta_21.jpg
5	Tusayan	5	Tusayan	CD_Kayenta_24.jpg
5	Tusayan	5	Tusayan	CD_Kayenta_25.jpg
5	Tusayan	5	Tusayan	CD_Kayenta_27.jpg
5	Tusayan	5	Tusayan	CD_Kayenta_29.jpg
5	Tusayan	5	Tusayan	CD_Kayenta_30.jpg
5	Tusayan	5	Tusayan	CD_Kayenta_31.jpg
5	Tusayan	3	Dogoszhi	CD_Kayenta_34.jpg
5	Tusayan	5	Tusayan	CD_Kayenta_40.jpg
5	Tusayan	5	Tusayan	CD_Kayenta_45.jpg
5	Tusayan	5	Tusayan	CD_Kayenta_47.jpg
5	Tusayan	5	Tusayan	CD_Kayenta_49.jpg
5	Tusayan	1	Black_Mesa	CD_Kayenta_51.jpg
5	Tusayan	5	Tusayan	CD_Kayenta_53.jpg
5	Tusayan	1	Black_Mesa	CD_Kayenta_57.jpg
5	Tusayan	5	Tusayan	CD_Kayenta_64.jpg
5	Tusayan	5	Tusayan	CD_Kayenta_71.jpg
5	Tusayan	6	Kayenta	CD_Kayenta_73.jpg
5	Tusayan	5	Tusayan	CD_Kayenta_79.jpg
6	Kayenta	1	Black_Mesa	CD_Kayenta_81.jpg
6	Kayenta	6	Kayenta	CD_Kayenta_83.jpg
6	Kayenta	6	Kayenta	CD_Kayenta_85.jpg
5	Tusayan	5	Tusayan	CD_Kayenta_86.jpg
5	Tusayan	5	Tusayan	CD_Kayenta_87.jpg
6	Kayenta	6	Kayenta	CD_Kayenta_89.jpg
6	Kayenta	5	Tusayan	CD_Kayenta_91.jpg
6	Kayenta	6	Kayenta	CD_Kayenta_93.jpg
5	Tusayan	5	Tusayan	CD_Kayenta_96.jpg
1	Black_Mesa	1	Black_Mesa	CD_Sosi_02.jpg
2	Sosi	2	Sosi	CD_Sosi_04.jpg
2	Sosi	2	Sosi	CD_Sosi_07.jpg
2	Sosi	2	Sosi	CD_Sosi_08.jpg
2	Sosi	2	Sosi	CD_Sosi_09.jpg
2	Sosi	2	Sosi	CD_Sosi_10.jpg
2	Sosi	2	Sosi	CD_Sosi_100.jpg
2	Sosi	2	Sosi	CD_Sosi_102.jpg
2	Sosi	2	Sosi	CD_Sosi_103.jpg
2	Sosi	2	Sosi	CD_Sosi_106.jpg
2	Sosi	2	Sosi	CD_Sosi_109.jpg
4	Flagstaff	1	Black_Mesa	CD_Sosi_110.jpg
2	Sosi	2	Sosi	CD_Sosi_116.jpg
2	Sosi	2	Sosi	CD_Sosi_118.jpg
2	Sosi	1	Black_Mesa	CD_Sosi_119.jpg
2	Sosi	2	Sosi	CD_Sosi_12.jpg
2	Sosi	2	Sosi	CD_Sosi_120.jpg
1	Black_Mesa	1	Black_Mesa	CD_Sosi_121.jpg
2	Sosi	2	Sosi	CD_Sosi_122.jpg
1	Black_Mesa	2	Sosi	CD_Sosi_128.jpg
2	Sosi	2	Sosi	CD_Sosi_129.jpg
2	Sosi	2	Sosi	CD_Sosi_134.jpg
1	Black_Mesa	1	Black_Mesa	CD_Sosi_139.jpg
2	Sosi	2	Sosi	CD_Sosi_141.jpg
2	Sosi	2	Sosi	CD_Sosi_144.jpg
2	Sosi	2	Sosi	CD_Sosi_146.jpg
2	Sosi	2	Sosi	CD_Sosi_148.jpg
1	Black_Mesa	1	Black_Mesa	CD_Sosi_149.jpg
2	Sosi	2	Sosi	CD_Sosi_153.jpg
5	Tusayan	2	Sosi	CD_Sosi_156.jpg
2	Sosi	2	Sosi	CD_Sosi_159.jpg
2	Sosi	2	Sosi	CD_Sosi_162.jpg
2	Sosi	2	Sosi	CD_Sosi_166.jpg
2	Sosi	2	Sosi	CD_Sosi_167.jpg
2	Sosi	2	Sosi	CD_Sosi_169.jpg
2	Sosi	2	Sosi	CD_Sosi_172.jpg
2	Sosi	2	Sosi	CD_Sosi_175.jpg
2	Sosi	2	Sosi	CD_Sosi_177.jpg
2	Sosi	2	Sosi	CD_Sosi_179.jpg
2	Sosi	2	Sosi	CD_Sosi_18.jpg
2	Sosi	2	Sosi	CD_Sosi_181.jpg
2	Sosi	2	Sosi	CD_Sosi_182.jpg
2	Sosi	1	Black_Mesa	CD_Sosi_187.jpg
2	Sosi	2	Sosi	CD_Sosi_192.jpg
2	Sosi	2	Sosi	CD_Sosi_194.jpg
2	Sosi	2	Sosi	CD_Sosi_195.jpg
2	Sosi	2	Sosi	CD_Sosi_198.jpg
2	Sosi	2	Sosi	CD_Sosi_200.jpg
2	Sosi	2	Sosi	CD_Sosi_202.jpg
2	Sosi	2	Sosi	CD_Sosi_205.jpg
2	Sosi	2	Sosi	CD_Sosi_206.jpg
2	Sosi	2	Sosi	CD_Sosi_207.jpg
1	Black_Mesa	2	Sosi	CD_Sosi_208.jpg
2	Sosi	2	Sosi	CD_Sosi_212.jpg
2	Sosi	2	Sosi	CD_Sosi_216.jpg
1	Black_Mesa	1	Black_Mesa	CD_Sosi_218.jpg
2	Sosi	2	Sosi	CD_Sosi_222.jpg
1	Black_Mesa	2	Sosi	CD_Sosi_223.jpg
2	Sosi	2	Sosi	CD_Sosi_229.jpg
2	Sosi	2	Sosi	CD_Sosi_232.jpg
2	Sosi	2	Sosi	CD_Sosi_233.jpg
1	Black_Mesa	1	Black_Mesa	CD_Sosi_236.jpg
2	Sosi	2	Sosi	CD_Sosi_237.jpg
2	Sosi	2	Sosi	CD_Sosi_24.jpg
2	Sosi	2	Sosi	CD_Sosi_240.jpg
2	Sosi	2	Sosi	CD_Sosi_241.jpg
2	Sosi	2	Sosi	CD_Sosi_247.jpg
2	Sosi	2	Sosi	CD_Sosi_25.jpg
2	Sosi	2	Sosi	CD_Sosi_250.jpg
2	Sosi	2	Sosi	CD_Sosi_251.jpg
2	Sosi	2	Sosi	CD_Sosi_253.jpg
2	Sosi	1	Black_Mesa	CD_Sosi_254.jpg
2	Sosi	2	Sosi	CD_Sosi_259.jpg
2	Sosi	2	Sosi	CD_Sosi_260.jpg
2	Sosi	2	Sosi	CD_Sosi_264.jpg
2	Sosi	2	Sosi	CD_Sosi_266.jpg
2	Sosi	2	Sosi	CD_Sosi_269.jpg
2	Sosi	2	Sosi	CD_Sosi_27.jpg
2	Sosi	2	Sosi	CD_Sosi_272.jpg
2	Sosi	1	Black_Mesa	CD_Sosi_274.jpg
2	Sosi	2	Sosi	CD_Sosi_276.jpg
2	Sosi	2	Sosi	CD_Sosi_277.jpg
2	Sosi	1	Black_Mesa	CD_Sosi_279.jpg
2	Sosi	2	Sosi	CD_Sosi_280.jpg
2	Sosi	2	Sosi	CD_Sosi_281.jpg
2	Sosi	2	Sosi	CD_Sosi_282.jpg
2	Sosi	2	Sosi	CD_Sosi_283.jpg
1	Black_Mesa	1	Black_Mesa	CD_Sosi_284.jpg
2	Sosi	2	Sosi	CD_Sosi_287.jpg
2	Sosi	2	Sosi	CD_Sosi_29.jpg
1	Black_Mesa	1	Black_Mesa	CD_Sosi_292.jpg
1	Black_Mesa	1	Black_Mesa	CD_Sosi_293.jpg
1	Black_Mesa	2	Sosi	CD_Sosi_297.jpg
2	Sosi	2	Sosi	CD_Sosi_299.jpg
2	Sosi	2	Sosi	CD_Sosi_30.jpg
2	Sosi	2	Sosi	CD_Sosi_300.jpg
2	Sosi	2	Sosi	CD_Sosi_304.jpg
2	Sosi	2	Sosi	CD_Sosi_312.jpg
2	Sosi	2	Sosi	CD_Sosi_314.jpg
2	Sosi	2	Sosi	CD_Sosi_316.jpg
2	Sosi	2	Sosi	CD_Sosi_318.jpg
2	Sosi	2	Sosi	CD_Sosi_319.jpg
2	Sosi	2	Sosi	CD_Sosi_32.jpg
2	Sosi	2	Sosi	CD_Sosi_320.jpg
2	Sosi	2	Sosi	CD_Sosi_33.jpg
2	Sosi	2	Sosi	CD_Sosi_331.jpg
2	Sosi	2	Sosi	CD_Sosi_336.jpg
2	Sosi	1	Black_Mesa	CD_Sosi_337.jpg
2	Sosi	2	Sosi	CD_Sosi_339.jpg
1	Black_Mesa	1	Black_Mesa	CD_Sosi_341.jpg
2	Sosi	1	Black_Mesa	CD_Sosi_342.jpg
2	Sosi	2	Sosi	CD_Sosi_345.jpg
2	Sosi	1	Black_Mesa	CD_Sosi_346.jpg
2	Sosi	2	Sosi	CD_Sosi_348.jpg
2	Sosi	2	Sosi	CD_Sosi_36.jpg
2	Sosi	2	Sosi	CD_Sosi_37.jpg
2	Sosi	1	Black_Mesa	CD_Sosi_38.jpg
2	Sosi	2	Sosi	CD_Sosi_39.jpg
2	Sosi	2	Sosi	CD_Sosi_40.jpg
2	Sosi	2	Sosi	CD_Sosi_41.jpg
2	Sosi	2	Sosi	CD_Sosi_42.jpg
2	Sosi	1	Black_Mesa	CD_Sosi_46.jpg
2	Sosi	1	Black_Mesa	CD_Sosi_49.jpg
2	Sosi	2	Sosi	CD_Sosi_54.jpg
2	Sosi	2	Sosi	CD_Sosi_59.jpg
2	Sosi	2	Sosi	CD_Sosi_62.jpg
2	Sosi	2	Sosi	CD_Sosi_63.jpg
2	Sosi	2	Sosi	CD_Sosi_65.jpg
2	Sosi	2	Sosi	CD_Sosi_67.jpg
2	Sosi	2	Sosi	CD_Sosi_71.jpg
2	Sosi	2	Sosi	CD_Sosi_75.jpg
2	Sosi	1	Black_Mesa	CD_Sosi_81.jpg
2	Sosi	2	Sosi	CD_Sosi_82.jpg
2	Sosi	2	Sosi	CD_Sosi_83.jpg
2	Sosi	2	Sosi	CD_Sosi_84.jpg
2	Sosi	2	Sosi	CD_Sosi_85.jpg
2	Sosi	1	Black_Mesa	CD_Sosi_89.jpg
2	Sosi	2	Sosi	CD_Sosi_91.jpg
2	Sosi	2	Sosi	CD_Sosi_95.jpg
2	Sosi	2	Sosi	CD_Sosi_96.jpg
2	Sosi	2	Sosi	CD_Sosi_97.jpg
5	Tusayan	1	Black_Mesa	CD_Tusayan_05.jpg
5	Tusayan	5	Tusayan	CD_Tusayan_101.jpg
5	Tusayan	5	Tusayan	CD_Tusayan_102.jpg
5	Tusayan	1	Black_Mesa	CD_Tusayan_104.jpg
5	Tusayan	5	Tusayan	CD_Tusayan_108.jpg
1	Black_Mesa	1	Black_Mesa	CD_Tusayan_11.jpg
5	Tusayan	5	Tusayan	CD_Tusayan_110.jpg
5	Tusayan	5	Tusayan	CD_Tusayan_113.jpg
5	Tusayan	5	Tusayan	CD_Tusayan_114.jpg
5	Tusayan	5	Tusayan	CD_Tusayan_115.jpg
5	Tusayan	5	Tusayan	CD_Tusayan_117.jpg
5	Tusayan	5	Tusayan	CD_Tusayan_12.jpg
5	Tusayan	5	Tusayan	CD_Tusayan_120.jpg
5	Tusayan	5	Tusayan	CD_Tusayan_126.jpg
5	Tusayan	5	Tusayan	CD_Tusayan_127.jpg
5	Tusayan	5	Tusayan	CD_Tusayan_129.jpg
5	Tusayan	5	Tusayan	CD_Tusayan_131.jpg
5	Tusayan	5	Tusayan	CD_Tusayan_132.jpg
5	Tusayan	1	Black_Mesa	CD_Tusayan_138.jpg
6	Kayenta	6	Kayenta	CD_Tusayan_14.jpg
5	Tusayan	5	Tusayan	CD_Tusayan_142.jpg
2	Sosi	4	Flagstaff	CD_Tusayan_143.jpg
5	Tusayan	1	Black_Mesa	CD_Tusayan_147.jpg
1	Black_Mesa	1	Black_Mesa	CD_Tusayan_150.jpg
5	Tusayan	5	Tusayan	CD_Tusayan_151.jpg
5	Tusayan	5	Tusayan	CD_Tusayan_153.jpg
5	Tusayan	1	Black_Mesa	CD_Tusayan_154.jpg
6	Kayenta	5	Tusayan	CD_Tusayan_155.jpg
5	Tusayan	5	Tusayan	CD_Tusayan_156.jpg
5	Tusayan	5	Tusayan	CD_Tusayan_157.jpg
5	Tusayan	5	Tusayan	CD_Tusayan_159.jpg
5	Tusayan	5	Tusayan	CD_Tusayan_160.jpg
5	Tusayan	5	Tusayan	CD_Tusayan_161.jpg
5	Tusayan	5	Tusayan	CD_Tusayan_164.jpg
4	Flagstaff	4	Flagstaff	CD_Tusayan_165.jpg
4	Flagstaff	5	Tusayan	CD_Tusayan_168.jpg
5	Tusayan	5	Tusayan	CD_Tusayan_175.jpg
5	Tusayan	5	Tusayan	CD_Tusayan_176.jpg
5	Tusayan	5	Tusayan	CD_Tusayan_178.jpg
5	Tusayan	4	Flagstaff	CD_Tusayan_179.jpg
5	Tusayan	5	Tusayan	CD_Tusayan_181.jpg
5	Tusayan	5	Tusayan	CD_Tusayan_183.jpg
5	Tusayan	5	Tusayan	CD_Tusayan_184.jpg
5	Tusayan	5	Tusayan	CD_Tusayan_186.jpg
5	Tusayan	5	Tusayan	CD_Tusayan_189.jpg
5	Tusayan	5	Tusayan	CD_Tusayan_190.jpg
5	Tusayan	5	Tusayan	CD_Tusayan_194.jpg
5	Tusayan	5	Tusayan	CD_Tusayan_199.jpg
5	Tusayan	5	Tusayan	CD_Tusayan_20.jpg
5	Tusayan	5	Tusayan	CD_Tusayan_200.jpg
5	Tusayan	5	Tusayan	CD_Tusayan_201.jpg
5	Tusayan	4	Flagstaff	CD_Tusayan_203.jpg
5	Tusayan	5	Tusayan	CD_Tusayan_204.jpg
5	Tusayan	5	Tusayan	CD_Tusayan_206.jpg
5	Tusayan	5	Tusayan	CD_Tusayan_208.jpg
4	Flagstaff	4	Flagstaff	CD_Tusayan_209.jpg
5	Tusayan	5	Tusayan	CD_Tusayan_210.jpg
5	Tusayan	5	Tusayan	CD_Tusayan_218.jpg
6	Kayenta	5	Tusayan	CD_Tusayan_229.jpg
5	Tusayan	5	Tusayan	CD_Tusayan_232.jpg
5	Tusayan	5	Tusayan	CD_Tusayan_233.jpg
5	Tusayan	1	Black_Mesa	CD_Tusayan_238.jpg
5	Tusayan	5	Tusayan	CD_Tusayan_240.jpg
5	Tusayan	5	Tusayan	CD_Tusayan_243.jpg
5	Tusayan	5	Tusayan	CD_Tusayan_245.jpg
4	Flagstaff	4	Flagstaff	CD_Tusayan_247.jpg
4	Flagstaff	4	Flagstaff	CD_Tusayan_262.jpg
5	Tusayan	5	Tusayan	CD_Tusayan_266.jpg
5	Tusayan	1	Black_Mesa	CD_Tusayan_268.jpg
5	Tusayan	1	Black_Mesa	CD_Tusayan_269.jpg
5	Tusayan	5	Tusayan	CD_Tusayan_27.jpg
5	Tusayan	5	Tusayan	CD_Tusayan_272.jpg
5	Tusayan	5	Tusayan	CD_Tusayan_276.jpg
4	Flagstaff	2	Sosi	CD_Tusayan_277.jpg
5	Tusayan	5	Tusayan	CD_Tusayan_28.jpg
1	Black_Mesa	1	Black_Mesa	CD_Tusayan_280.jpg
5	Tusayan	4	Flagstaff	CD_Tusayan_281.jpg
5	Tusayan	5	Tusayan	CD_Tusayan_283.jpg
5	Tusayan	5	Tusayan	CD_Tusayan_284.jpg
5	Tusayan	5	Tusayan	CD_Tusayan_285.jpg
5	Tusayan	5	Tusayan	CD_Tusayan_287.jpg
5	Tusayan	5	Tusayan	CD_Tusayan_289.jpg
5	Tusayan	5	Tusayan	CD_Tusayan_292.jpg
5	Tusayan	5	Tusayan	CD_Tusayan_300.jpg
5	Tusayan	5	Tusayan	CD_Tusayan_301.jpg
5	Tusayan	5	Tusayan	CD_Tusayan_305.jpg
5	Tusayan	5	Tusayan	CD_Tusayan_308.jpg
5	Tusayan	5	Tusayan	CD_Tusayan_309.jpg
5	Tusayan	5	Tusayan	CD_Tusayan_31.jpg
5	Tusayan	5	Tusayan	CD_Tusayan_310.jpg
5	Tusayan	5	Tusayan	CD_Tusayan_313.jpg
5	Tusayan	5	Tusayan	CD_Tusayan_314.jpg
5	Tusayan	5	Tusayan	CD_Tusayan_316.jpg
5	Tusayan	5	Tusayan	CD_Tusayan_318.jpg
5	Tusayan	5	Tusayan	CD_Tusayan_32.jpg
5	Tusayan	5	Tusayan	CD_Tusayan_323.jpg
5	Tusayan	5	Tusayan	CD_Tusayan_327.jpg
5	Tusayan	5	Tusayan	CD_Tusayan_328.jpg
5	Tusayan	5	Tusayan	CD_Tusayan_33.jpg
5	Tusayan	5	Tusayan	CD_Tusayan_333.jpg
5	Tusayan	5	Tusayan	CD_Tusayan_334.jpg
4	Flagstaff	4	Flagstaff	CD_Tusayan_335.jpg
5	Tusayan	5	Tusayan	CD_Tusayan_337.jpg
5	Tusayan	5	Tusayan	CD_Tusayan_340.jpg
5	Tusayan	5	Tusayan	CD_Tusayan_341.jpg
5	Tusayan	5	Tusayan	CD_Tusayan_342.jpg
5	Tusayan	5	Tusayan	CD_Tusayan_343.jpg
5	Tusayan	5	Tusayan	CD_Tusayan_344.jpg
5	Tusayan	5	Tusayan	CD_Tusayan_345.jpg
5	Tusayan	6	Kayenta	CD_Tusayan_347.jpg
5	Tusayan	5	Tusayan	CD_Tusayan_354.jpg
6	Kayenta	6	Kayenta	CD_Tusayan_357.jpg
5	Tusayan	5	Tusayan	CD_Tusayan_36.jpg
5	Tusayan	5	Tusayan	CD_Tusayan_361.jpg
6	Kayenta	6	Kayenta	CD_Tusayan_364.jpg
5	Tusayan	5	Tusayan	CD_Tusayan_365.jpg
5	Tusayan	5	Tusayan	CD_Tusayan_368.jpg
5	Tusayan	5	Tusayan	CD_Tusayan_370.jpg
5	Tusayan	5	Tusayan	CD_Tusayan_374.jpg
5	Tusayan	5	Tusayan	CD_Tusayan_376.jpg
5	Tusayan	5	Tusayan	CD_Tusayan_378.jpg
5	Tusayan	5	Tusayan	CD_Tusayan_379.jpg
5	Tusayan	5	Tusayan	CD_Tusayan_380.jpg
5	Tusayan	5	Tusayan	CD_Tusayan_42.jpg
4	Flagstaff	4	Flagstaff	CD_Tusayan_44.jpg
5	Tusayan	5	Tusayan	CD_Tusayan_45.jpg
5	Tusayan	5	Tusayan	CD_Tusayan_53.jpg
5	Tusayan	5	Tusayan	CD_Tusayan_54.jpg
5	Tusayan	5	Tusayan	CD_Tusayan_55.jpg
5	Tusayan	5	Tusayan	CD_Tusayan_61.jpg
5	Tusayan	5	Tusayan	CD_Tusayan_63.jpg
5	Tusayan	5	Tusayan	CD_Tusayan_66.jpg
5	Tusayan	5	Tusayan	CD_Tusayan_69.jpg
5	Tusayan	5	Tusayan	CD_Tusayan_70.jpg
5	Tusayan	5	Tusayan	CD_Tusayan_71.jpg
5	Tusayan	4	Flagstaff	CD_Tusayan_73.jpg
5	Tusayan	5	Tusayan	CD_Tusayan_77.jpg
5	Tusayan	5	Tusayan	CD_Tusayan_80.jpg
5	Tusayan	5	Tusayan	CD_Tusayan_81.jpg
5	Tusayan	5	Tusayan	CD_Tusayan_83.jpg
5	Tusayan	1	Black_Mesa	CD_Tusayan_84.jpg
5	Tusayan	5	Tusayan	CD_Tusayan_86.jpg
5	Tusayan	5	Tusayan	CD_Tusayan_90.jpg
5	Tusayan	5	Tusayan	CD_Tusayan_94.jpg
5	Tusayan	5	Tusayan	CD_Tusayan_96.jpg
4	Flagstaff	4	Flagstaff	CD_Tusayan_99.jpg
1	Black_Mesa	1	Black_Mesa	CD_Wepo_001.jpg
1	Black_Mesa	1	Black_Mesa	CD_Wepo_003.jpg
1	Black_Mesa	1	Black_Mesa	CD_Wepo_006.jpg
4	Flagstaff	4	Flagstaff	CD_Wepo_010.jpg
0	Kanaa	0	Kanaa	CD_Wepo_012.jpg
1	Black_Mesa	0	Kanaa	CD_Wepo_016.jpg
0	Kanaa	0	Kanaa	CD_Wepo_018.jpg
1	Black_Mesa	5	Tusayan	CD_Wepo_021.jpg
1	Black_Mesa	1	Black_Mesa	CD_Wepo_030.jpg
4	Flagstaff	0	Kanaa	CD_Wepo_031.jpg
1	Black_Mesa	1	Black_Mesa	CD_Wepo_034.jpg
3	Dogoszhi	3	Dogoszhi	Dogoszhibw_1.jpg
4	Flagstaff	4	Flagstaff	Flagstaffbw_11.jpg
4	Flagstaff	3	Dogoszhi	Flagstaffbw_13.jpg
4	Flagstaff	4	Flagstaff	Flagstaffbw_14.jpg
4	Flagstaff	4	Flagstaff	Flagstaffbw_2.jpg
4	Flagstaff	4	Flagstaff	Flagstaffbw_20.jpg
5	Tusayan	5	Tusayan	Flagstaffbw_21.jpg
4	Flagstaff	4	Flagstaff	Flagstaffbw_3.jpg
4	Flagstaff	4	Flagstaff	Flagstaffbw_5.jpg
4	Flagstaff	4	Flagstaff	Flagstaffbw_7.jpg
4	Flagstaff	4	Flagstaff	Flagstaffbw_8.jpg
4	Flagstaff	4	Flagstaff	Flagstaffbw_9.jpg
0	Kanaa	0	Kanaa	Kanaabw_11f.jpg
0	Kanaa	0	Kanaa	Kanaabw_16f.jpg
0	Kanaa	0	Kanaa	Kanaabw_22f.jpg
0	Kanaa	0	Kanaa	Kanaabw_25f.jpg
0	Kanaa	0	Kanaa	Kanaabw_26f.jpg
0	Kanaa	0	Kanaa	Kanaabw_2f.jpg
0	Kanaa	0	Kanaa	Kanaabw_4f.jpg
0	Kanaa	0	Kanaa	Kanaabw_5f.jpg
0	Kanaa	0	Kanaa	Kanaabw_7f.jpg
0	Kanaa	0	Kanaa	Kanaabw_9f.jpg
6	Kayenta	6	Kayenta	Kayenta_03.jpg
6	Kayenta	6	Kayenta	Kayenta_06.jpg
6	Kayenta	6	Kayenta	Kayenta_14.jpg
6	Kayenta	6	Kayenta	Kayenta_25.jpg
6	Kayenta	6	Kayenta	Kayenta_26.jpg
4	Flagstaff	4	Flagstaff	PP_Flagstaff_03.jpg
4	Flagstaff	5	Tusayan	PP_Flagstaff_04.jpg
4	Flagstaff	4	Flagstaff	PP_Flagstaff_05.jpg
4	Flagstaff	3	Dogoszhi	PP_Flagstaff_08.jpg
5	Tusayan	5	Tusayan	PP_Flagstaff_084.jpg
2	Sosi	4	Flagstaff	PP_Flagstaff_087.jpg
4	Flagstaff	4	Flagstaff	PP_Flagstaff_088.jpg
2	Sosi	2	Sosi	PP_Flagstaff_092.jpg
4	Flagstaff	4	Flagstaff	PP_Flagstaff_10.jpg
4	Flagstaff	4	Flagstaff	PP_Flagstaff_103.jpg
2	Sosi	2	Sosi	PP_Flagstaff_105.jpg
4	Flagstaff	2	Sosi	PP_Flagstaff_106.jpg
2	Sosi	2	Sosi	PP_Flagstaff_108.jpg
2	Sosi	2	Sosi	PP_Flagstaff_110.jpg
2	Sosi	2	Sosi	PP_Flagstaff_111.jpg
4	Flagstaff	2	Sosi	PP_Flagstaff_114.jpg
4	Flagstaff	4	Flagstaff	PP_Flagstaff_12.jpg
4	Flagstaff	4	Flagstaff	PP_Flagstaff_122.jpg
4	Flagstaff	4	Flagstaff	PP_Flagstaff_125.jpg
2	Sosi	4	Flagstaff	PP_Flagstaff_129.jpg
4	Flagstaff	4	Flagstaff	PP_Flagstaff_13.jpg
4	Flagstaff	2	Sosi	PP_Flagstaff_130.jpg
4	Flagstaff	2	Sosi	PP_Flagstaff_135.jpg
4	Flagstaff	4	Flagstaff	PP_Flagstaff_136.jpg
1	Black_Mesa	1	Black_Mesa	PP_Flagstaff_137.jpg
4	Flagstaff	4	Flagstaff	PP_Flagstaff_14.jpg
2	Sosi	2	Sosi	PP_Flagstaff_145.jpg
4	Flagstaff	2	Sosi	PP_Flagstaff_148.jpg
1	Black_Mesa	1	Black_Mesa	PP_Flagstaff_15.jpg
2	Sosi	2	Sosi	PP_Flagstaff_156.jpg
4	Flagstaff	4	Flagstaff	PP_Flagstaff_157.jpg
2	Sosi	2	Sosi	PP_Flagstaff_159.jpg
4	Flagstaff	5	Tusayan	PP_Flagstaff_163.jpg
2	Sosi	2	Sosi	PP_Flagstaff_165.jpg
1	Black_Mesa	1	Black_Mesa	PP_Flagstaff_169.jpg
2	Sosi	2	Sosi	PP_Flagstaff_17.jpg
5	Tusayan	5	Tusayan	PP_Flagstaff_20.jpg
2	Sosi	2	Sosi	PP_Flagstaff_22.jpg
4	Flagstaff	4	Flagstaff	PP_Flagstaff_23.jpg
2	Sosi	2	Sosi	PP_Flagstaff_27.jpg
4	Flagstaff	4	Flagstaff	PP_Flagstaff_29.jpg
4	Flagstaff	4	Flagstaff	PP_Flagstaff_39.jpg
2	Sosi	2	Sosi	PP_Flagstaff_43.jpg
2	Sosi	2	Sosi	PP_Flagstaff_45.jpg
2	Sosi	2	Sosi	PP_Flagstaff_46.jpg
4	Flagstaff	3	Dogoszhi	PP_Flagstaff_48.jpg
2	Sosi	2	Sosi	PP_Flagstaff_51.jpg
4	Flagstaff	4	Flagstaff	PP_Flagstaff_52.jpg
2	Sosi	2	Sosi	PP_Flagstaff_63.jpg
4	Flagstaff	2	Sosi	PP_Flagstaff_65.jpg
4	Flagstaff	4	Flagstaff	PP_Flagstaff_66.jpg
4	Flagstaff	4	Flagstaff	PP_Flagstaff_67.jpg
4	Flagstaff	1	Black_Mesa	PP_Flagstaff_68.jpg
4	Flagstaff	5	Tusayan	PP_Flagstaff_70.jpg
2	Sosi	2	Sosi	PP_Flagstaff_73.jpg
2	Sosi	2	Sosi	PP_Flagstaff_75.jpg
1	Black_Mesa	1	Black_Mesa	PP_Flagstaff_77.jpg
4	Flagstaff	4	Flagstaff	PP_Flagstaff_79.jpg
5	Tusayan	5	Tusayan	PP_Tusayan_001.jpg
1	Black_Mesa	1	Black_Mesa	PP_Tusayan_003.jpg
5	Tusayan	5	Tusayan	PP_Tusayan_004.jpg
5	Tusayan	5	Tusayan	PP_Tusayan_005.jpg
5	Tusayan	2	Sosi	PP_Tusayan_009.jpg
5	Tusayan	5	Tusayan	PP_Tusayan_014.jpg
5	Tusayan	4	Flagstaff	PP_Tusayan_017.jpg
5	Tusayan	5	Tusayan	PP_Tusayan_018.jpg
5	Tusayan	5	Tusayan	PP_Tusayan_019.jpg
5	Tusayan	5	Tusayan	PP_Tusayan_020.jpg
5	Tusayan	5	Tusayan	PP_Tusayan_023.jpg
5	Tusayan	5	Tusayan	PP_Tusayan_027.jpg
5	Tusayan	5	Tusayan	PP_Tusayan_030.jpg
5	Tusayan	5	Tusayan	PP_Tusayan_031.jpg
5	Tusayan	5	Tusayan	PP_Tusayan_032.jpg
5	Tusayan	5	Tusayan	PP_Tusayan_034.jpg
1	Black_Mesa	1	Black_Mesa	PP_Tusayan_035.jpg
5	Tusayan	5	Tusayan	PP_Tusayan_036.jpg
4	Flagstaff	5	Tusayan	PP_Tusayan_037.jpg
5	Tusayan	5	Tusayan	PP_Tusayan_039.jpg
5	Tusayan	5	Tusayan	PP_Tusayan_041.jpg
5	Tusayan	5	Tusayan	PP_Tusayan_043.jpg
5	Tusayan	5	Tusayan	PP_Tusayan_049.jpg
1	Black_Mesa	5	Tusayan	PP_Tusayan_050.jpg
5	Tusayan	5	Tusayan	PP_Tusayan_054.jpg
5	Tusayan	5	Tusayan	PP_Tusayan_056.jpg
5	Tusayan	5	Tusayan	PP_Tusayan_057.jpg
5	Tusayan	5	Tusayan	PP_Tusayan_058.jpg
5	Tusayan	5	Tusayan	PP_Tusayan_066.jpg
5	Tusayan	5	Tusayan	PP_Tusayan_068.jpg
5	Tusayan	5	Tusayan	PP_Tusayan_071.jpg
5	Tusayan	1	Black_Mesa	PP_Tusayan_072.jpg
5	Tusayan	5	Tusayan	PP_Tusayan_074.jpg
5	Tusayan	5	Tusayan	PP_Tusayan_077.jpg
5	Tusayan	5	Tusayan	PP_Tusayan_078.jpg
5	Tusayan	5	Tusayan	PP_Tusayan_079.jpg
5	Tusayan	5	Tusayan	PP_Tusayan_080.jpg
5	Tusayan	5	Tusayan	PP_Tusayan_084.jpg
5	Tusayan	5	Tusayan	PP_Tusayan_085.jpg
5	Tusayan	5	Tusayan	PP_Tusayan_086.jpg
4	Flagstaff	4	Flagstaff	PP_Tusayan_088.jpg
5	Tusayan	5	Tusayan	PP_Tusayan_089.jpg
5	Tusayan	5	Tusayan	PP_Tusayan_090.jpg
5	Tusayan	5	Tusayan	PP_Tusayan_098.jpg
4	Flagstaff	4	Flagstaff	PP_Tusayan_100.jpg
5	Tusayan	5	Tusayan	PP_Tusayan_103.jpg
4	Flagstaff	1	Black_Mesa	PP_Tusayan_104.jpg
5	Tusayan	5	Tusayan	PP_Tusayan_105.jpg
5	Tusayan	5	Tusayan	PP_Tusayan_106.jpg
5	Tusayan	5	Tusayan	PP_Tusayan_109.jpg
5	Tusayan	5	Tusayan	PP_Tusayan_110.jpg
5	Tusayan	5	Tusayan	PP_Tusayan_112.jpg
5	Tusayan	5	Tusayan	PP_Tusayan_113.jpg
4	Flagstaff	4	Flagstaff	PP_Tusayan_116.jpg
5	Tusayan	5	Tusayan	PP_Tusayan_117.jpg
5	Tusayan	5	Tusayan	PP_Tusayan_121.jpg
5	Tusayan	5	Tusayan	PP_Tusayan_123.jpg
5	Tusayan	5	Tusayan	PP_Tusayan_126.jpg
5	Tusayan	5	Tusayan	PP_Tusayan_132.jpg
4	Flagstaff	4	Flagstaff	PP_Tusayan_137.jpg
5	Tusayan	5	Tusayan	PP_Tusayan_138.jpg
5	Tusayan	5	Tusayan	PP_Tusayan_142.jpg
5	Tusayan	5	Tusayan	PP_Tusayan_145.jpg
5	Tusayan	5	Tusayan	PP_Tusayan_146.jpg
4	Flagstaff	4	Flagstaff	PP_Tusayan_150.jpg
5	Tusayan	5	Tusayan	PP_Tusayan_152.jpg
5	Tusayan	5	Tusayan	PP_Tusayan_156.jpg
1	Black_Mesa	1	Black_Mesa	PP_Tusayan_159.jpg
5	Tusayan	5	Tusayan	PP_Tusayan_168.jpg
5	Tusayan	5	Tusayan	PP_Tusayan_169.jpg
5	Tusayan	5	Tusayan	PP_Tusayan_170.jpg
5	Tusayan	5	Tusayan	PP_Tusayan_176.jpg
5	Tusayan	5	Tusayan	PP_Wupatki_010.jpg
5	Tusayan	4	Flagstaff	PP_Wupatki_014.jpg
4	Flagstaff	4	Flagstaff	PP_Wupatki_016.jpg
5	Tusayan	5	Tusayan	PP_Wupatki_031.jpg
5	Tusayan	5	Tusayan	PP_Wupatki_036.jpg
4	Flagstaff	1	Black_Mesa	PP_Wupatki_037.jpg
5	Tusayan	5	Tusayan	PP_Wupatki_038.jpg
5	Tusayan	5	Tusayan	PP_Wupatki_041.jpg
4	Flagstaff	4	Flagstaff	PP_Wupatki_050.jpg
5	Tusayan	5	Tusayan	PP_Wupatki_053.jpg
5	Tusayan	5	Tusayan	PP_Wupatki_055.jpg
4	Flagstaff	4	Flagstaff	PP_Wupatki_056.jpg
5	Tusayan	5	Tusayan	PP_Wupatki_068.jpg
5	Tusayan	5	Tusayan	PP_Wupatki_076.jpg
5	Tusayan	5	Tusayan	PP_Wupatki_079.jpg
4	Flagstaff	4	Flagstaff	PP_Wupatki_080.jpg
5	Tusayan	5	Tusayan	PP_Wupatki_081.jpg
5	Tusayan	5	Tusayan	PP_Wupatki_092.jpg
5	Tusayan	5	Tusayan	PP_Wupatki_098.jpg
5	Tusayan	5	Tusayan	PP_Wupatki_099.jpg
1	Black_Mesa	1	Black_Mesa	Sosi_13.jpg
2	Sosi	2	Sosi	Sosi_15.jpg
2	Sosi	2	Sosi	Sosi_17.jpg
2	Sosi	2	Sosi	Sosi_20.jpg
2	Sosi	2	Sosi	Sosi_21.jpg
2	Sosi	2	Sosi	Sosi_23.jpg
2	Sosi	2	Sosi	Sosi_24.jpg
2	Sosi	2	Sosi	Sosi_25.jpg
2	Sosi	2	Sosi	Sosi_4.jpg
2	Sosi	2	Sosi	Sosi_6.jpg
4	Flagstaff	4	Flagstaff	Sosi_9.jpg
5	Tusayan	5	Tusayan	t_b_w_02.jpg
5	Tusayan	5	Tusayan	t_b_w_03.jpg
5	Tusayan	5	Tusayan	t_b_w_10.jpg
5	Tusayan	5	Tusayan	t_b_w_16.jpg
5	Tusayan	5	Tusayan	t_b_w_19.jpg
5	Tusayan	5	Tusayan	t_b_w_24.jpg
